{"cameraMode":{"drawMode":0,"name":"Shaded","section":"Shading Mode"},"sceneLighting":true,"audioPlay":false,"sceneViewState":{"m_AlwaysRefresh":false,"showFog":true,"showSkybox":true,"showFlares":true,"showImageEffects":true,"showParticleSystems":true,"showVisualEffectGraphs":true,"m_FxEnabled":true},"in2DMode":false,"pivot":{"x":22.97083854675293,"y":-4.5236005783081059,"z":0.23655909299850465},"rotation":{"x":-0.08364339917898178,"y":-0.7349463105201721,"z":0.09221260994672775,"w":-0.6667150259017944},"size":13.252432823181153,"orthographic":false}